label,model,strategy,n_evaluations,n_with_outcome,rating_mean,rating_std,rating_median,rating_entropy,rating_normalized_entropy,panelist_mean_variance,mean_pairwise_panelist_distance,product_mean_variance
amazon_grocery_real,real,reference,2921,2921,4.188976377952756,1.4071375057441686,5.0,1.4641313073004545,0.6305670319956571,1.9812168742117275,0.9793318270704509,0.29033423977837586
amazon_self_selection,gemma3:12b,persona,58,58,2.5344827586206895,1.0207420769390128,3.0,1.9025009070754024,0.9512504535377012,0.2586111111111111,1.2354651162790697,0.3642499138919325
amazon_self_selection_cot,gemma3:12b,persona_cot,29,29,2.586206896551724,1.0344827586206897,3.0,1.7780161213410217,0.8890080606705109,0.32874196510560155,1.006060606060606,0.5647664024287401
