{
  "mean_pairwise_panelist_distance": {
    "gemma3:12b": {
      "persona": 1.2354651162790697,
      "persona_cot": 1.006060606060606
    }
  },
  "panelist_mean_variance": {
    "gemma3:12b": {
      "persona": 0.2586111111111111,
      "persona_cot": 0.32874196510560155
    }
  },
  "product_mean_variance": {
    "gemma3:12b": {
      "persona": 0.3642499138919325,
      "persona_cot": 0.5647664024287401
    }
  },
  "rating_mean": {
    "gemma3:12b": {
      "persona": 2.5344827586206895,
      "persona_cot": 2.586206896551724
    }
  },
  "rating_normalized_entropy": {
    "gemma3:12b": {
      "persona": 0.9512504535377012,
      "persona_cot": 0.8890080606705109
    }
  },
  "rating_std": {
    "gemma3:12b": {
      "persona": 1.0207420769390128,
      "persona_cot": 1.0344827586206897
    }
  }
}
