{
  "fields": {
    "bitterness": {
      "entropy": 1.4663851976029472,
      "mean": 2.5833333333333335,
      "n_observed": 60,
      "normalized_entropy_full_support": 0.6315377297134097,
      "normalized_entropy_observed_support": 0.7331925988014736,
      "support_size_allowed": 5,
      "support_size_observed": 4,
      "type": "int",
      "value_counts": {
        "1": 1,
        "2": 29,
        "3": 24,
        "4": 6
      },
      "variance": 0.4763888888888889
    },
    "purchase_intent": {
      "entropy": 1.3248560371987566,
      "n_observed": 60,
      "normalized_entropy_full_support": 0.835891093067469,
      "normalized_entropy_observed_support": 0.835891093067469,
      "support_size_allowed": 3,
      "support_size_observed": 3,
      "type": "categorical",
      "value_counts": {
        "maybe": 34,
        "no": 6,
        "yes": 20
      }
    },
    "rating": {
      "entropy": 1.7149245934610593,
      "mean": 2.933333333333333,
      "n_observed": 60,
      "normalized_entropy_full_support": 0.7385778212672219,
      "normalized_entropy_observed_support": 0.8574622967305296,
      "support_size_allowed": 5,
      "support_size_observed": 4,
      "type": "int",
      "value_counts": {
        "1": 2,
        "2": 22,
        "3": 14,
        "4": 22
      },
      "variance": 0.8622222222222222
    }
  },
  "n_evaluation_rows": 60
}
