{
  "mean_pairwise_panelist_distance": 0.972972972972973,
  "mean_pairwise_product_distance": 0.841388888888889,
  "mean_within_panelist_product_variance": 0.4666666666666666,
  "mean_within_product_panelist_variance": 0.6303967666948437,
  "n_observed": 60,
  "n_panelists_observed": 20,
  "n_products_observed": 9,
  "outcome_field": "rating",
  "overall_variance": 0.8622222222222222,
  "panelist_mean_variance": 0.39555555555555555,
  "product_mean_variance": 0.24776515612697947,
  "supported": true
}
